Sample#,SampleID,idx
0,15963,2
1,2823,16
2,15479,1
3,5232,1
4,16423,17
5,5745,7
6,8850,0
7,8572,11
8,16523,4
9,3153,4
10,10378,5
11,7529,1
12,14451,6
13,10508,15
14,936,0
15,5635,19
16,1746,7
17,2802,3
18,5435,4
19,16356,6
20,7359,10
21,4372,17
22,8436,3
23,11132,17
24,15307,7
25,14796,18
26,11313,12
27,8161,6
28,4086,5
29,1194,5
30,11171,16
31,7628,5
32,11419,12
33,3034,16
34,1638,2
35,15498,15
36,8328,0
37,15131,7
38,67,6
39,14978,1
40,246,19
41,13778,8
42,11581,2
43,10545,15
44,11740,12
45,3629,19
46,5449,14
47,10813,2
48,4080,6
49,14506,10
50,4076,6
51,5425,13
52,2981,4
53,7214,7
54,345,2
55,14091,5
56,10902,6
57,6470,1
58,14839,17
59,2987,17
60,8685,15
61,1417,15
62,5900,3
63,5301,1
64,14411,5
65,15454,14
66,2292,1
67,11170,17
68,12699,4
69,1635,6
70,10732,3
71,8341,15
72,9795,2
73,12040,5
74,11594,6
75,10863,19
76,7876,0
77,13793,11
78,9371,4
79,9561,15
80,9066,10
81,2790,17
82,10266,2
83,10875,5
84,2371,0
85,6130,6
86,471,4
87,3414,0
88,10051,1
89,5465,10
90,4270,11
91,10158,13
92,1600,7
93,4133,1
94,1968,10
95,10630,9
96,5847,4
97,9112,6
98,5669,1
99,16573,1
100,2250,19
101,9294,13
102,12524,16
103,1404,3
104,15970,1
105,11283,17
106,14050,4
107,8252,12
108,2434,12
109,13676,2
110,154,17
111,806,12
112,2357,4
113,4287,3
114,4331,16
115,1747,19
116,2697,18
117,16219,1
118,14601,4
119,13699,6
120,7460,2
121,14140,13
122,6936,4
123,671,5
124,10543,18
125,13999,5
126,13240,2
127,1240,19
128,13292,5
129,4863,5
130,16627,12
131,15075,16
132,14926,19
133,15633,17
134,9069,18
135,13726,7
136,7773,2
137,3522,9
138,15551,16
139,9986,2
140,13584,5
141,8033,5
142,12058,6
143,15615,6
144,3393,11
145,11899,16
146,10147,7
147,1463,6
148,4625,5
149,13378,19
150,3378,15
151,10828,17
152,2325,7
153,9159,3
154,2336,8
155,11055,5
156,9173,18
157,4369,10
158,2738,9
159,13234,12
160,3705,15
161,5072,14
162,10237,9
163,15576,19
164,12499,19
165,1861,6
166,15395,4
167,3905,4
168,6726,13
169,7502,12
170,15559,1
171,16044,8
172,14589,16
173,13824,7
174,12415,6
175,14007,16
176,3491,5
177,2466,19
178,6397,17
179,9533,0
180,14400,18
181,13940,14
182,6252,4
183,11535,10
184,7727,1
185,11396,2
186,13923,1
187,9216,9
188,7409,19
189,14346,6
190,16550,17
191,15934,5
192,1325,17
193,13291,11
194,5798,17
195,2015,1
196,4458,1
197,4386,17
198,8996,13
199,3977,5
200,4216,12
201,14935,5
202,12100,16
203,736,0
204,10843,1
205,7652,9
206,4936,10
207,3577,17
208,5153,16
209,11636,5
210,13687,8
211,13427,0
212,15354,19
213,8325,1
214,1378,10
215,14482,4
216,2402,5
217,15048,5
218,12519,16
219,8989,5
220,15167,5
221,10200,16
222,2591,0
223,2993,2
224,16482,1
225,13994,1
226,4226,4
227,5619,0
228,9939,5
229,8265,6
230,3804,10
231,9675,16
232,14491,1
233,7667,6
234,1372,4
235,7024,0
236,14701,13
237,15949,14
238,396,15
239,15130,7
240,8662,12
241,2482,11
242,7176,5
243,16045,0
244,6808,5
245,14787,9
246,8437,3
247,5520,1
248,3444,0
249,15012,15
250,1878,17
251,15384,0
252,9386,11
253,12105,4
254,11576,16
255,7146,6
256,6212,9
257,11180,4
258,7755,9
259,9013,17
260,3796,0
261,1701,1
262,11580,12
263,9899,10
264,6645,15
265,11514,19
266,4646,1
267,3181,18
268,13691,5
269,7554,11
270,15855,5
271,13129,10
272,1901,1
273,12693,0
274,4255,14
275,11548,15
276,4968,4
277,10948,5
278,16186,16
279,9907,5
280,773,6
281,7964,1
282,3877,2
283,14152,4
284,14684,7
285,3227,19
286,10499,18
287,2919,1
288,6788,4
289,5289,7
290,3259,18
291,10615,12
292,8386,17
293,3789,18
294,3972,17
295,1041,4
296,12096,17
297,12089,17
298,6218,19
299,13851,15
300,7155,13
301,10811,18
302,3703,12
303,11491,16
304,9138,1
305,957,16
306,3194,17
307,3284,1
308,2791,18
309,11398,16
310,7457,16
311,9148,0
312,5254,2
313,10332,17
314,15577,12
315,5831,17
316,8719,6
317,9494,12
318,2632,2
319,2389,5
320,13956,9
321,1764,9
322,8461,6
323,14009,1
324,3340,8
325,4062,4
326,3975,10
327,9914,11
328,4315,14
329,15136,18
330,1039,18
331,7760,0
332,12116,6
333,8793,9
334,2365,4
335,9252,5
336,6248,16
337,4319,17
338,8877,3
339,5910,19
340,14674,8
341,13073,15
342,8484,19
343,6269,6
344,15866,2
345,7210,12
346,6015,14
347,12601,2
348,5366,16
349,15954,5
350,5341,13
351,1771,5
352,10113,7
353,13169,14
354,14414,5
355,16204,0
356,13533,12
357,9623,17
358,12777,6
359,10983,2
360,3968,1
361,1441,6
362,14141,4
363,16180,18
364,15541,15
365,6014,17
366,10973,11
367,447,2
368,12400,6
369,4775,7
370,8427,19
371,8950,8
372,10044,8
373,545,1
374,14374,17
375,9429,3
376,9269,15
377,2116,10
378,12043,11
379,8606,15
380,13027,12
381,13817,11
382,15345,18
383,12180,2
384,11532,8
385,3501,2
386,1544,4
387,8060,17
388,13752,2
389,11779,4
390,7994,1
391,5748,8
392,16298,7
393,14833,19
394,6529,0
395,1493,17
396,6517,11
397,13348,1
398,743,17
399,683,4
400,1038,2
401,8891,16
402,6614,0
403,14303,13
404,11758,9
405,5472,2
406,10258,15
407,7986,1
408,16484,17
409,3213,5
410,16208,2
411,2408,14
412,11475,17
413,6147,3
414,1068,4
415,16441,17
416,9972,6
417,5314,6
418,15898,0
419,11150,8
420,1348,12
421,3620,19
422,11436,14
423,7824,18
424,12667,4
425,14240,9
426,5973,11
427,6501,5
428,6051,3
429,14299,3
430,5357,3
431,10687,2
432,8266,11
433,3990,15
434,13810,5
435,79,3
436,6013,7
437,6224,19
438,1468,14
439,14168,15
440,9282,0
441,15636,18
442,7789,0
443,166,18
444,8842,2
445,14023,13
446,13720,19
447,652,11
448,12570,5
449,183,15
450,11703,19
451,10905,5
452,2374,8
453,7942,18
454,10984,6
455,5851,17
456,15584,6
457,8616,15
458,4030,1
459,12940,2
460,10546,16
461,15429,2
462,13714,7
463,9107,6
464,5995,5
465,6085,0
466,10556,11
467,3386,5
468,9251,10
469,11745,11
470,3817,0
471,7800,0
472,11768,7
473,7432,5
474,4172,16
475,14243,9
476,2594,5
477,12433,4
478,12067,5
479,5531,11
480,16604,14
481,7830,0
482,10705,1
483,16248,6
484,11304,19
485,3005,12
486,8474,19
487,4487,11
488,14094,17
489,8276,19
490,11593,0
491,11980,6
492,14166,5
493,10564,3
494,15580,6
495,404,0
496,10838,2
497,1103,8
498,8045,11
499,4103,14
500,3075,1
501,1984,15
502,3900,5
503,4715,19
504,7182,11
505,5725,5
506,15660,17
507,1031,13
508,16541,4
509,2156,10
510,6911,14
511,2859,3
512,2298,6
513,6928,5
514,10376,12
515,15848,16
516,16007,11
517,479,16
518,8079,5
519,4662,18
520,10733,7
521,15431,8
522,10878,1
523,25,0
524,8760,10
525,14840,0
526,3840,18
527,10212,4
528,194,11
529,1816,12
530,7335,13
531,3888,5
532,3467,17
533,7979,13
534,1786,1
535,4878,6
536,7091,16
537,1525,18
538,1096,5
539,15027,4
540,6376,8
541,15924,15
542,7218,6
543,8559,11
544,7778,3
545,12362,1
546,14769,9
547,5778,8
548,1618,2
549,11383,2
550,14122,0
551,2063,0
552,5249,12
553,13418,18
554,3942,18
555,7115,14
556,10953,15
557,15086,5
558,4624,2
559,13540,5
560,10608,9
561,3481,7
562,374,19
563,3500,17
564,3314,17
565,2210,15
566,1017,0
567,91,0
568,13517,18
569,6296,5
570,10303,5
571,11351,8
572,5052,5
573,15051,2
574,6922,17
575,6219,5
576,6502,12
577,10890,14
578,2588,6
579,8376,9
580,12494,17
581,12526,5
582,10720,12
583,2974,17
584,8074,3
585,1343,9
586,301,5
587,6600,6
588,15107,5
589,15500,6
590,6049,2
591,13099,11
592,3196,19
593,15563,17
594,7872,17
595,12842,16
596,13058,15
597,6409,3
598,4232,2
599,4794,17
600,5916,19
601,16037,18
602,7439,9
603,16257,12
604,3036,9
605,11707,6
606,2920,18
607,15543,19
608,7795,4
609,12463,1
610,3316,4
611,11894,4
612,12617,11
613,373,13
614,8830,9
615,7242,2
616,9130,12
617,3918,10
618,4804,7
619,8858,19
620,14449,13
621,15984,19
622,1944,5
623,3343,10
624,10961,1
625,15019,5
626,3105,0
627,4024,18
628,1072,17
629,352,18
630,6110,13
631,9843,19
632,9383,3
633,4602,8
634,5691,3
635,5211,11
636,7730,17
637,3644,11
638,1139,17
639,892,19
640,12800,5
641,10629,16
642,4282,7
643,13870,19
644,13733,1
645,9867,1
646,2264,5
647,10518,9
648,6155,19
649,4944,5
650,12432,10
651,5938,12
652,14894,13
653,7910,15
654,16048,12
655,11423,5
656,8590,17
657,4170,11
658,14387,15
659,7861,16
660,7018,9
661,8447,5
662,16153,6
663,4141,16
664,4545,6
665,15631,13
666,11547,2
667,513,4
668,10748,0
669,15610,11
670,5764,18
671,9798,0
672,120,5
673,4198,8
674,5476,3
675,14645,1
676,15550,18
677,12811,17
678,268,1
679,715,5
680,10444,18
681,9082,14
682,5934,15
683,1917,12
684,16438,1
685,11142,15
686,4463,4
687,14683,2
688,11204,10
689,565,0
690,10219,1
691,4623,11
692,3560,5
693,13829,2
694,16401,5
695,12124,9
696,5484,6
697,4042,17
698,4560,2
699,386,3
700,12384,9
701,10313,17
702,1589,16
703,2856,15
704,3487,17
705,16068,12
706,14360,5
707,15645,14
708,7980,14
709,96,16
710,14519,7
711,15297,16
712,225,15
713,6778,16
714,10570,4
715,4429,1
716,8885,5
717,15544,5
718,264,17
719,775,0
720,7068,0
721,9145,5
722,15591,13
723,6334,4
724,127,18
725,10226,8
726,8452,6
727,10157,3
728,5354,12
729,16351,6
730,7583,1
731,317,4
732,9543,14
733,3512,17
734,398,15
735,13795,17
736,10845,5
737,4081,15
738,11314,2
739,10600,5
740,5991,2
741,8393,2
742,1650,0
743,5607,10
744,515,11
745,5202,19
746,8799,5
747,10041,11
748,2468,14
749,11443,18
750,12408,0
751,1429,16
752,7605,2
753,2328,10
754,7520,13
755,11291,11
756,7668,16
757,13997,7
758,7665,3
759,13469,6
760,5742,5
761,8385,17
762,13559,17
763,8083,5
764,11562,6
765,11786,3
766,11468,16
767,5099,19
768,506,2
769,16032,18
770,14577,16
771,13937,3
772,12963,2
773,3361,10
774,3743,17
775,3952,17
776,11651,13
777,13585,0
778,9268,0
779,5896,1
780,5402,12
781,375,14
782,5058,5
783,16103,12
784,9007,15
785,15599,5
786,10637,5
787,8433,19
788,3366,5
789,4493,16
790,11821,16
791,8278,5
792,9261,6
793,6318,6
794,11028,0
795,11013,4
796,4017,1
797,1464,6
798,6866,19
799,12784,4
800,9316,18
801,15224,19
802,5809,18
803,3313,3
804,9106,5
805,7595,5
806,11163,9
807,16272,7
808,4947,1
809,15096,4
810,16383,14
811,9527,1
812,8071,2
813,5814,5
814,12294,5
815,690,6
816,1924,0
817,11911,4
818,15969,6
819,1804,17
820,9317,18
821,8734,4
822,6634,4
823,6179,5
824,3800,10
825,9381,0
826,14069,18
827,2225,18
828,6828,17
829,9803,10
830,8084,9
831,1637,19
832,10308,17
833,10959,16
834,7900,13
835,3665,1
836,13568,17
837,2713,15
838,5486,17
839,14057,8
840,4421,11
841,2563,18
842,143,18
843,5566,8
844,6161,4
845,8586,12
846,5538,15
847,10290,6
848,7873,19
849,15843,4
850,7354,18
851,6367,12
852,1583,18
853,14352,8
854,8346,5
855,9750,3
856,14477,5
857,8198,18
858,11534,6
859,296,4
860,16426,17
861,15977,17
862,4852,5
863,1753,15
864,10506,5
865,12763,5
866,2489,3
867,16405,17
868,1313,13
869,9532,5
870,10476,0
871,2562,17
872,12582,3
873,16096,19
874,7147,17
875,12399,17
876,10860,16
877,8305,0
878,1683,15
879,16074,9
880,16295,7
881,10707,8
882,8364,2
883,6520,2
884,201,2
885,7792,4
886,8331,11
887,6019,0
888,2223,19
889,16509,2
890,4263,17
891,12233,16
892,13097,17
893,1127,2
894,13360,10
895,7629,2
896,5677,5
897,14531,19
898,13696,5
899,7779,5
900,3096,19
901,2280,2
902,13318,18
903,13563,4
904,9877,0
905,10001,10
906,968,5
907,15864,17
908,5350,11
909,2675,8
910,2447,17
911,7223,8
912,5201,15
913,9979,11
914,12791,17
915,14295,16
916,6953,6
917,10006,1
918,6586,18
919,16050,16
920,5918,18
921,9836,14
922,7047,13
923,16449,6
924,10286,13
925,2198,18
926,2449,10
927,10089,18
928,4398,5
929,8500,18
930,9442,2
931,8357,17
932,4118,15
933,7413,15
934,8010,2
935,1782,15
936,8002,18
937,4119,17
938,13337,9
939,7627,13
940,9267,15
941,13750,16
942,5805,15
943,6368,15
944,9888,6
945,1226,9
946,5184,11
947,6550,17
948,14264,4
949,16281,17
950,16168,5
951,3192,17
952,2901,14
953,1106,1
954,10879,5
955,3330,0
956,14026,17
957,5251,16
958,6927,1
959,2353,2
960,6358,11
961,891,3
962,1452,6
963,12046,5
964,11057,14
965,11901,17
966,16535,8
967,11463,6
968,14001,17
969,11575,7
970,3505,3
971,9998,14
972,6925,1
973,66,13
974,12660,0
975,11518,3
976,3218,4
977,10779,9
978,11464,6
979,16548,4
980,974,8
981,16035,10
982,10896,1
983,3678,12
984,3627,13
985,4130,12
986,12626,11
987,1596,15
988,11059,2
989,15481,6
990,2129,1
991,16034,3
992,12810,6
993,6598,3
994,11086,14
995,2497,19
996,6832,5
997,6763,16
998,13710,17
999,14542,5
1000,2805,9
1001,15882,4
1002,5729,11
1003,12892,7
1004,14236,1
1005,13597,15
1006,3428,12
1007,6563,18
1008,13345,14
1009,8699,7
1010,15221,5
1011,12153,19
1012,10940,1
1013,14517,8
1014,14204,10
1015,4344,0
1016,3845,7
1017,15653,2
1018,3873,17
1019,9550,2
1020,6743,17
1021,7819,19
1022,269,7
1023,3595,5
1024,7004,15
1025,9630,4
1026,3069,8
1027,12390,8
1028,14475,6
1029,3087,15
1030,11456,1
1031,8879,1
1032,16111,1
1033,5322,6
1034,14308,15
1035,10263,18
1036,9128,15
1037,12481,5
1038,13996,17
1039,12742,1
1040,8332,0
1041,10203,17
1042,12645,4
1043,1153,1
1044,12622,5
1045,8871,0
1046,9137,16
1047,3889,14
1048,15674,8
1049,15035,16
1050,4565,16
1051,15252,18
1052,9457,4
1053,10208,0
1054,3101,3
1055,10390,12
1056,11052,12
1057,2387,5
1058,12359,12
1059,9150,3
1060,8279,8
1061,8712,19
1062,15807,16
1063,6511,13
1064,5727,3
1065,9420,6
1066,3695,9
1067,14557,2
1068,12833,18
1069,11671,17
1070,3841,7
1071,15129,11
1072,6126,5
1073,15327,1
1074,9794,15
1075,2812,19
1076,8876,7
1077,6680,11
1078,3306,16
1079,13131,5
1080,16362,1
1081,7515,3
1082,16046,16
1083,11613,19
1084,10507,4
1085,11342,16
1086,6708,4
1087,15259,9
1088,6195,15
1089,13816,5
1090,4789,15
1091,2630,1
1092,2946,16
1093,5791,16
1094,6249,4
1095,11724,15
1096,3248,15
1097,8562,15
1098,6601,8
1099,11754,5
1100,9647,15
1101,1014,18
1102,8915,0
1103,14115,1
1104,10215,5
1105,8366,10
1106,13391,3
1107,13181,5
1108,16386,15
1109,8395,2
1110,1824,12
1111,10431,19
1112,12737,15
1113,1905,8
1114,8017,5
1115,11431,12
1116,8454,15
1117,2498,15
1118,14018,6
1119,3993,12
1120,11959,14
1121,15662,4
1122,1162,1
1123,2221,12
1124,1711,17
1125,12381,9
1126,11181,4
1127,11286,18
1128,11472,9
1129,13166,0
1130,16270,8
1131,8805,3
1132,1591,12
1133,16607,15
1134,4256,1
1135,6389,11
1136,12516,6
1137,8312,14
1138,5304,15
1139,11950,13
1140,9450,2
1141,9100,7
1142,14494,17
1143,2529,11
1144,1902,4
1145,13163,0
1146,5328,17
1147,10946,17
1148,13693,3
1149,6120,4
1150,4055,8
1151,5793,18
1152,7086,16
1153,7741,17
1154,10039,15
1155,4585,1
1156,14750,4
1157,14337,0
1158,10569,17
1159,13674,18
1160,12000,8
1161,14704,9
1162,15174,9
1163,758,6
1164,7022,17
1165,10283,7
1166,3589,8
1167,15814,17
1168,498,2
1169,15828,5
1170,10288,5
1171,10583,4
1172,10729,3
1173,8448,2
1174,4551,0
1175,15927,15
1176,13653,12
1177,15046,6
1178,13641,4
1179,3631,5
1180,1331,2
1181,2999,19
1182,2179,17
1183,16495,16
1184,11334,3
1185,4489,5
1186,1447,5
1187,9960,19
1188,5395,18
1189,2495,11
1190,15178,4
1191,14268,2
1192,4916,10
1193,11072,5
1194,14391,18
1195,10848,4
1196,9156,5
1197,12911,16
1198,14584,17
1199,14592,13
1200,2782,11
1201,15185,19
1202,2990,14
1203,9525,0
1204,889,19
1205,5272,18
1206,6814,4
1207,9562,15
1208,3871,6
1209,15781,17
1210,15488,17
1211,10073,16
1212,16097,2
1213,970,6
1214,9580,1
1215,13,19
1216,9853,3
1217,11775,18
1218,15547,17
1219,6749,2
1220,6556,5
1221,8418,8
1222,8381,18
1223,12263,16
1224,15793,15
1225,7817,9
1226,8,19
1227,7274,1
1228,5977,17
1229,16197,6
1230,15408,15
1231,10576,17
1232,10686,8
1233,4889,6
1234,3358,0
1235,501,17
1236,8965,6
1237,13632,15
1238,14633,6
1239,13458,5
1240,684,5
1241,574,0
1242,5318,12
1243,2906,1
1244,3455,2
1245,5718,16
1246,2729,10
1247,9530,3
1248,11070,1
1249,14685,9
1250,7922,17
1251,11484,16
1252,15677,6
1253,7491,9
1254,2951,5
1255,1540,3
1256,1998,15
1257,441,5
1258,2938,4
1259,15187,19
1260,5609,3
1261,7336,15
1262,4047,5
1263,11631,12
1264,8154,4
1265,1723,16
1266,4360,19
1267,1936,16
1268,5098,4
1269,9065,16
1270,4929,11
1271,3554,19
1272,13888,5
1273,5901,10
1274,6394,15
1275,2863,14
1276,6149,15
1277,3077,4
1278,911,18
1279,14753,11
1280,11879,6
1281,12782,17
1282,5680,6
1283,5523,4
1284,11852,11
1285,1401,15
1286,13902,5
1287,12177,18
1288,14733,1
1289,11010,2
1290,13677,6
1291,5775,9
1292,15656,1
1293,9014,5
1294,12479,12
1295,1195,12
1296,14181,10
1297,2803,11
1298,6714,8
1299,11481,4
1300,8743,16
1301,6755,18
1302,510,2
1303,12407,3
1304,15416,18
1305,2381,17
1306,11461,0
1307,9539,16
1308,4324,4
1309,8946,11
1310,6643,17
1311,8549,3
1312,15098,2
1313,10754,5
1314,3431,9
1315,4870,14
1316,1231,10
1317,15030,6
1318,7504,4
1319,15082,4
1320,10111,14
1321,5306,17
1322,2028,14
1323,8825,15
1324,1160,9
1325,11316,17
1326,3779,4
1327,9800,10
1328,5892,12
1329,6954,14
1330,3594,13
1331,4609,7
1332,682,5
1333,6893,4
1334,987,5
1335,2706,0
1336,10944,6
1337,6061,3
1338,9423,0
1339,2874,5
1340,9858,17
1341,13068,2
1342,1623,4
1343,16612,4
1344,11097,4
1345,8579,2
1346,5267,9
1347,2777,1
1348,2700,16
1349,6944,17
1350,11364,18
1351,10778,8
1352,2415,0
1353,10478,11
1354,2956,4
1355,13145,6
1356,2227,2
1357,8410,12
1358,11898,9
1359,11976,17
1360,11310,12
1361,7493,16
1362,11134,0
1363,3721,13
1364,11731,18
1365,7036,8
1366,3696,8
1367,10504,5
1368,13474,18
1369,15474,13
1370,9873,2
1371,12248,0
1372,8754,1
1373,8526,4
1374,12190,11
1375,10550,5
1376,14013,18
1377,485,5
1378,4956,6
1379,2496,19
1380,1660,3
1381,326,17
1382,10324,11
1383,4284,9
1384,12613,19
1385,4817,2
1386,5064,0
1387,15033,19
1388,11474,17
1389,16320,16
1390,12653,17
1391,11682,4
1392,3815,10
1393,1967,14
1394,2062,14
1395,15132,10
1396,14878,16
1397,6735,0
1398,14988,1
1399,956,13
1400,12523,3
1401,11521,12
1402,1655,3
1403,15217,13
1404,13386,2
1405,14678,19
1406,15638,17
1407,14987,6
1408,6172,17
1409,732,7
1410,9989,9
1411,7882,14
1412,8164,15
1413,4301,11
1414,11186,0
1415,1298,18
1416,16058,18
1417,1619,7
1418,2479,4
1419,12289,1
1420,10587,6
1421,11439,5
1422,558,19
1423,11554,12
1424,14119,5
1425,15477,13
1426,11630,14
1427,3224,15
1428,4738,19
1429,12591,7
1430,15598,5
1431,13338,5
1432,8639,14
1433,12615,4
1434,11549,16
1435,1490,5
1436,6624,14
1437,6492,4
1438,1094,1
1439,7717,3
1440,5365,10
1441,14054,17
1442,5080,4
1443,2271,4
1444,3303,4
1445,1550,3
1446,16477,19
1447,778,18
1448,8492,4
1449,7745,17
1450,6655,10
1451,1665,14
1452,14111,16
1453,6379,6
1454,5203,4
1455,14067,13
1456,552,15
1457,5464,15
1458,1186,2
1459,4057,6
1460,10384,5
1461,14789,0
1462,14187,19
1463,3732,5
1464,15713,10
1465,14800,5
1466,8250,7
1467,12776,17
1468,5375,17
1469,15281,15
1470,8769,6
1471,8059,1
1472,2309,7
1473,11453,8
1474,2960,10
1475,12032,12
1476,8509,1
1477,15763,5
1478,2647,6
1479,8493,3
1480,12179,19
1481,332,0
1482,3683,0
1483,13973,4
1484,14891,5
1485,12733,5
1486,12532,19
1487,11366,1
1488,7758,2
1489,15712,19
1490,13465,6
1491,10119,2
1492,6327,17
1493,12275,6
1494,6211,9
1495,6801,16
1496,4578,2
1497,13452,2
1498,3137,17
1499,14968,5
1500,2799,8
1501,28,16
1502,13759,11
1503,15021,13
1504,9188,1
1505,5688,12
1506,9686,15
1507,6095,15
1508,13725,13
1509,9546,1
1510,8281,7
1511,10800,6
1512,7836,0
1513,12379,0
1514,5175,4
1515,1293,13
1516,8958,2
1517,10966,4
1518,10870,0
1519,8976,1
1520,4236,9
1521,9949,17
1522,5382,8
1523,2766,1
1524,9944,3
1525,12521,1
1526,3891,1
1527,4026,1
1528,3346,7
1529,6390,11
1530,11036,6
1531,9769,4
1532,5459,4
1533,5545,17
1534,1205,5
1535,6442,7
1536,11960,12
1537,8482,4
1538,1183,16
1539,8344,2
1540,8966,2
1541,14005,5
1542,15876,5
1543,7917,15
1544,12154,4
1545,9430,11
1546,1222,11
1547,8181,2
1548,9217,16
1549,8118,4
1550,8243,1
1551,10084,5
1552,9511,4
1553,12351,18
1554,6200,7
1555,10032,16
1556,2568,2
1557,1294,10
1558,2743,14
1559,16017,6
1560,10514,5
1561,12449,5
1562,12108,1
1563,9889,8
1564,15292,8
1565,15133,17
1566,7196,18
1567,13861,5
1568,10927,3
1569,4670,17
1570,10544,5
1571,13281,6
1572,15436,1
1573,4459,1
1574,4802,15
1575,13032,5
1576,8214,5
1577,14436,6
1578,3677,5
1579,7248,3
1580,6040,11
1581,10252,9
1582,5614,18
1583,4598,19
1584,14002,15
1585,1275,4
1586,15618,4
1587,2411,6
1588,10130,0
1589,731,7
1590,14470,0
1591,14933,0
1592,15332,11
1593,7054,5
1594,10122,6
1595,10678,13
1596,7142,5
1597,10232,4
1598,4664,14
1599,11705,8
1600,4107,15
1601,15234,17
1602,15733,7
1603,4848,14
1604,10763,16
1605,14853,16
1606,4540,14
1607,3219,6
1608,7362,10
1609,1611,5
1610,11923,9
1611,1566,4
1612,40,17
1613,6221,1
1614,8895,9
1615,14003,12
1616,2491,7
1617,13274,4
1618,5229,0
1619,1124,4
1620,9990,13
1621,101,17
1622,3132,6
1623,4879,3
1624,14284,18
1625,3055,5
1626,10341,3
1627,13389,5
1628,5967,5
1629,13748,19
1630,711,10
1631,10307,4
1632,15148,0
1633,7774,4
1634,7933,4
1635,14950,17
1636,2073,0
1637,5983,15
1638,3379,18
1639,10061,16
1640,10008,13
1641,8811,1
1642,384,8
1643,9276,5
1644,8598,18
1645,13542,5
1646,8044,8
1647,3706,19
1648,4866,10
1649,1805,14
1650,9761,6
1651,2970,14
1652,10035,15
1653,9177,4
1654,14649,17
1655,14371,6
1656,11477,19
1657,13289,19
1658,7073,14
1659,14175,2
1660,16370,5
1661,8706,14
1662,15464,5
1663,15788,6
1664,13040,6
1665,2784,5
1666,10076,8
1667,1688,0
1668,12335,5
1669,12907,18
1670,6293,14
1671,15600,2
1672,15621,7
1673,11071,2
1674,2471,3
1675,9196,7
1676,14260,15
1677,13050,4
1678,10520,1
1679,7107,19
1680,1915,5
1681,11785,10
1682,9801,9
1683,4305,7
1684,5296,13
1685,8671,18
1686,7286,11
1687,5115,4
1688,1799,9
1689,13572,14
1690,15574,14
1691,6430,18
1692,12947,13
1693,10741,1
1694,2598,3
1695,6765,2
1696,3531,5
1697,3681,18
1698,15461,5
1699,8772,2
1700,12296,4
1701,13683,8
1702,1868,17
1703,11855,4
1704,2483,12
1705,12586,11
1706,9229,3
1707,5362,8
1708,3226,16
1709,15992,3
1710,14948,5
1711,13280,17
1712,6913,12
1713,6082,11
1714,6701,1
1715,478,6
1716,10611,3
1717,15029,5
1718,9692,2
1719,14314,5
1720,4820,1
1721,9917,5
1722,8660,12
1723,4269,11
1724,16067,4
1725,5351,14
1726,8878,2
1727,16420,3
1728,1895,6
1729,12496,15
1730,7376,12
1731,1090,18
1732,9126,17
1733,10762,12
1734,900,7
1735,10509,15
1736,12218,18
1737,4065,9
1738,1333,4
1739,10279,4
1740,10827,1
1741,9521,7
1742,16361,19
1743,5768,12
1744,15169,5
1745,9695,9
1746,10124,14
1747,10316,16
1748,9936,19
1749,15813,3
1750,12076,7
1751,1061,0
1752,16325,17
1753,16124,5
1754,14229,5
1755,10053,14
1756,7300,8
1757,1986,19
1758,8688,5
1759,110,15
1760,16112,11
1761,14873,4
1762,15503,17
1763,12152,9
1764,9793,3
1765,12078,5
1766,9689,4
1767,15919,7
1768,16390,5
1769,13239,15
1770,6779,1
1771,3951,13
1772,14269,1
1773,6236,4
1774,2404,6
1775,15425,11
1776,4022,12
1777,14991,13
1778,674,19
1779,11056,17
1780,12995,16
1781,1612,16
1782,12593,15
1783,7290,15
1784,4427,17
1785,2097,17
1786,6932,11
1787,9325,7
1788,9851,12
1789,6012,5
1790,1327,6
1791,16451,9
1792,1512,2
1793,10933,18
1794,5055,15
1795,11270,18
1796,5822,4
1797,1140,13
1798,9815,2
1799,16093,5
1800,11681,11
1801,15193,5
1802,1957,9
1803,14916,1
1804,14162,13
1805,11932,17
1806,8160,2
1807,4089,15
1808,2228,15
1809,6128,14
1810,9009,5
1811,343,0
1812,14205,17
1813,2737,6
1814,8972,12
1815,7767,5
1816,3389,17
1817,7513,12
1818,7557,4
1819,4051,4
1820,14823,7
1821,5,19
1822,902,7
1823,1360,3
1824,9041,15
1825,12766,2
1826,16479,6
1827,5455,15
1828,1853,1
1829,53,5
1830,6839,9
1831,11386,9
1832,2750,9
1833,3245,16
1834,15878,5
1835,13001,10
1836,16392,0
1837,13734,7
1838,9373,0
1839,11089,16
1840,11140,16
1841,8583,5
1842,16615,17
1843,14439,10
1844,12090,4
1845,14367,5
1846,2659,5
1847,3527,2
1848,8601,16
1849,8222,4
1850,1428,13
1851,14784,2
1852,169,12
1853,2166,4
1854,12019,9
1855,10936,5
1856,2189,5
1857,6607,9
1858,10381,17
1859,9425,17
1860,2515,18
1861,14010,9
1862,4359,15
1863,1123,8
1864,9963,5
1865,14624,5
1866,16334,14
1867,2187,17
1868,954,3
1869,12282,4
1870,4410,14
1871,6885,6
1872,14588,0
1873,739,15
1874,2526,4
1875,354,6
1876,1044,8
1877,1674,15
1878,9615,7
1879,14905,5
1880,8056,4
1881,1107,1
1882,13200,3
1883,2717,9
1884,2924,2
1885,372,18
1886,12332,4
1887,11778,19
1888,11776,17
1889,4548,8
1890,9951,6
1891,13409,1
1892,15125,12
1893,4356,5
1894,1626,17
1895,11066,5
1896,4979,5
1897,8653,7
1898,6565,5
1899,2195,14
1900,9992,5
1901,11676,13
1902,2881,0
1903,8242,5
1904,7148,11
1905,6075,15
1906,11814,10
1907,6545,15
1908,921,1
1909,15581,18
1910,4067,10
1911,12577,1
1912,1217,3
1913,4844,2
1914,7855,19
1915,8547,14
1916,9746,18
1917,10183,6
1918,1559,7
1919,1716,11
1920,11261,14
1921,3152,7
1922,9716,1
1923,15325,12
1924,5532,7
1925,883,19
1926,39,4
1927,5092,0
1928,9698,1
1929,1138,4
1930,12522,12
1931,2915,5
1932,14876,2
1933,4810,18
1934,12680,3
1935,11675,4
1936,232,11
1937,7608,2
1938,699,15
1939,7573,13
1940,1916,17
1941,2668,15
1942,8623,6
1943,16504,2
1944,11546,16
1945,12035,16
1946,10842,2
1947,4490,6
1948,10302,7
1949,4934,8
1950,6197,3
1951,3947,17
1952,838,14
1953,6399,3
1954,4106,6
1955,14721,0
1956,10452,17
1957,4728,13
1958,12071,16
1959,9393,5
1960,8881,19
1961,11417,12
1962,11152,1
1963,2290,5
1964,10738,17
1965,16621,1
1966,13000,18
1967,13334,14
1968,13621,6
1969,11641,17
1970,432,18
1971,11215,5
1972,11728,17
1973,199,9
1974,12691,14
1975,2688,1
1976,11005,15
1977,12485,6
1978,14419,6
1979,11566,15
1980,7891,16
1981,2462,15
1982,11598,12
1983,7435,5
1984,13299,1
1985,3155,14
1986,14121,7
1987,3111,17
1988,16010,16
1989,12584,13
1990,4393,18
1991,8679,2
1992,12770,4
1993,15222,2
1994,5990,4
1995,6846,3
1996,7857,3
1997,10972,17
1998,5930,2
1999,5047,5
2000,6619,1
2001,12596,12
2002,6278,2
2003,1866,12
2004,9187,9
2005,7497,6
2006,13751,11
2007,13449,7
2008,15729,18
2009,3876,11
2010,10043,1
2011,11574,0
2012,13045,0
2013,12373,16
2014,16102,3
2015,1263,5
2016,10336,11
2017,8608,1
2018,10474,17
2019,13453,17
2020,992,17
2021,10835,6
2022,9004,15
2023,7481,16
2024,3013,15
2025,1919,14
2026,7624,6
2027,11452,1
2028,13306,14
2029,16485,5
2030,4882,17
2031,5682,7
2032,5119,8
2033,16170,19
2034,9608,0
2035,8898,17
2036,6646,8
2037,14288,14
2038,3561,13
2039,3753,17
2040,4351,6
2041,1511,5
2042,7630,8
2043,9280,5
2044,9895,19
2045,622,1
2046,9687,2
2047,5642,15
2048,849,0
2049,12738,2
2050,16107,18
2051,15623,13
2052,13518,6
2053,14763,15
2054,10211,5
2055,13171,14
2056,6416,15
2057,4836,15
2058,14568,11
2059,2947,14
2060,6904,17
2061,12322,0
2062,621,5
2063,11982,14
2064,8726,0
2065,12329,2
2066,4338,2
2067,12732,12
2068,1262,17
2069,8223,1
2070,6386,16
2071,14265,17
2072,2303,9
2073,9906,14
2074,5313,15
2075,4511,16
2076,16626,13
2077,5958,2
2078,6671,11
2079,13649,19
2080,11799,14
2081,15439,5
2082,8147,7
2083,11820,5
2084,14423,15
2085,11329,11
2086,15426,11
2087,3143,12
2088,12448,2
2089,767,15
2090,4999,16
2091,16183,4
2092,10400,6
2093,5974,0
2094,7847,3
2095,6716,15
2096,68,13
2097,9235,6
2098,334,17
2099,16407,5
2100,12023,16
2101,14037,17
2102,8978,4
2103,11712,0
2104,14836,4
2105,2380,5
2106,14819,11
2107,14063,17
2108,7613,4
2109,7649,9
2110,16148,7
2111,8761,6
2112,1355,9
2113,2141,16
2114,6023,16
2115,1934,2
2116,1556,3
2117,8794,15
2118,9829,18
2119,15257,17
2120,4424,1
2121,12840,3
2122,7941,0
2123,11867,17
2124,12063,3
2125,8785,19
2126,15589,15
2127,3852,18
2128,10901,4
2129,13137,5
2130,8217,10
2131,15723,8
2132,15833,6
2133,878,6
2134,6435,10
2135,8187,17
2136,9588,14
2137,6889,6
2138,2912,6
2139,11073,14
2140,13089,17
2141,3693,8
2142,6505,12
2143,14100,16
2144,130,3
2145,12226,2
2146,7237,12
2147,777,16
2148,12705,18
2149,12654,1
2150,11418,1
2151,11965,4
2152,5668,1
2153,12682,2
2154,730,18
2155,14670,1
2156,7442,1
2157,5325,5
2158,8334,17
2159,5828,1
2160,2382,1
2161,6288,2
2162,11473,5
2163,8285,4
2164,13041,16
2165,11004,2
2166,15100,15
2167,6898,9
2168,8624,5
2169,895,1
2170,10091,5
2171,4792,16
2172,14334,6
2173,12860,5
2174,1569,11
2175,10521,16
2176,12013,7
2177,14354,0
2178,12470,9
2179,14041,13
2180,14788,18
2181,13690,17
2182,8758,5
2183,5551,1
2184,10205,6
2185,12846,4
2186,12533,0
2187,6392,15
2188,9627,11
2189,5349,6
2190,8286,10
2191,9905,1
2192,15997,16
2193,1599,6
2194,12743,15
2195,3791,3
2196,3070,6
2197,12798,12
2198,7492,4
2199,9708,9
2200,9983,10
2201,1759,18
2202,6464,4
2203,3483,6
2204,905,7
2205,2988,4
2206,1412,6
2207,13500,19
2208,2940,11
2209,11230,15
2210,8490,1
2211,1164,9
2212,9234,2
2213,14045,3
2214,8105,0
2215,1815,16
2216,13147,3
2217,1834,11
2218,10542,14
2219,12799,0
2220,16018,5
2221,12813,18
2222,11317,2
2223,9284,7
2224,13460,16
2225,7655,5
2226,9005,14
2227,1310,1
2228,6446,5
2229,16265,16
2230,1932,16
2231,6081,5
2232,4432,5
2233,1152,0
2234,13652,3
2235,11014,18
2236,13346,4
2237,7954,19
2238,15356,5
2239,13209,10
2240,15510,17
2241,15242,4
2242,10988,5
2243,9465,17
2244,3572,16
2245,4751,4
2246,9807,2
2247,14481,3
2248,940,15
2249,8064,11
2250,6579,17
2251,16514,9
2252,15994,2
2253,10054,15
2254,6034,6
2255,12676,5
2256,329,9
2257,4431,11
2258,9256,17
2259,8137,4
2260,16625,17
2261,2144,16
2262,6111,1
2263,5757,15
2264,11126,5
2265,503,3
2266,10422,1
2267,2861,5
2268,14318,6
2269,462,19
2270,12950,5
2271,7426,5
2272,1342,18
2273,13476,18
2274,8153,17
2275,6143,16
2276,3936,15
2277,9587,4
2278,13541,2
2279,6609,13
2280,13976,18
2281,13967,14
2282,15609,6
2283,5220,10
2284,12507,18
2285,43,5
2286,7828,11
2287,16592,12
2288,1863,6
2289,3246,4
2290,16412,19
2291,4701,16
2292,15782,4
2293,15751,15
2294,1939,9
2295,8047,15
2296,8810,16
2297,10876,5
2298,16253,7
2299,9556,5
2300,15410,6
2301,4492,4
2302,9410,15
